Gene,GTEx_Tissue,CBCS_Effect_Size,GTEx_Effect_Size,Chromosome,Gene_Start,Gene_End,GTEx_Position,CBCS_Position,GTEx_TSS_Distance_kb,CBCS_TSS_Distance_kb,Population
PSPHP1,Adipose,1.35734553004253,1.15046,7,55832490,55840981,55808805,55824205,-23.685,-8.285,WW
EFHD1,Adipose,0.39962015627599,1.15046,7,55832490,55840981,55808805,233507261,-23.685,177674.771,WW
GSTT2,Breast,-0.539115112463194,-0.88131,22,24322339,24326106,24258777,24249458,-63.562,-72.881,WW
C4A,Immune,0.633439409537466,-1.34064,6,31949801,31970458,31596138,31709541,-353.663,-240.26,WW
OCLN,Immune,-0.664898156636698,-1.34064,6,31949801,31970458,31596138,69343570,-353.663,37393.769,WW
GALT,Immune,0.584619709805344,-1.34064,6,31949801,31970458,31596138,34935734,-353.663,2985.933,WW
MSH3,Immune,-0.706253342274649,0.601183,5,79950971,80172279,80153476,80598029,202.505,647.058,WW
LRG1,Breast,0.406510673338547,0.425802,19,4536421,4540486,4540429,4151157,-0.057,-385.264,WW
PNP,Adipose,0.393129382721356,-0.630505,14,20937113,20945253,20938251,21175150,1.138,238.037,WW
CDC25B,Adipose,0.284150575667229,-0.630505,14,20937113,20945253,20938251,4037190,1.138,-16899.923,WW
CENPN,Immune,-0.749750708185651,-2.1795,16,81040103,81066719,81182158,81016742,142.055,-23.361,WW
TYMS,Immune,-0.851209422830055,-0.317307,18,657604,673578,658423,868007,0.819,210.403,WW
CD274,Adipose,-1.25771425269693,0.41285,9,5450503,5470566,5491593,5462082,41.09,11.579,WW
ZG16B,Adipose,0.551025052322612,0.348227,16,2880170,2888967,2880105,2885689,-0.065,5.519,WW
MMP1,Adipose,-1.91611518925801,-0.292906,11,102660651,102668891,102670495,102762605,1.604,101.954,WW
PDZK1,Adipose,0.746878657664573,-1.21576,1,145726918,145764074,144817054,145771894,-909.864,44.976,WW
SLC7A5,Adipose,0.840411014463683,0.253576,16,87863629,87903094,87882539,87859984,-20.555,-3.645,WW
SLC16A3,Adipose,-0.537295504650565,0.15423,17,80186273,80219005,80061748,80007324,-124.525,-178.949,WW
UCHL1,Adipose,0.489487476808769,0.361287,4,41258430,41270472,41258970,41284211,0.54,25.781,WW
IL6,Insignificant,-0.851319723100147,-0.164723,7,22766766,22771621,22811384,22303036,44.618,-463.73,WW
GRHL2,Insignificant,-0.260502285816216,0.126184,8,102504660,102681954,103073460,102747497,568.8,242.837,WW
BTG3,Insignificant,-0.509853305393649,0.286399,21,18965971,18985265,19012988,19296529,27.723,330.558,WW
SCGB1D2,Insignificant,0.904542430639095,0.286399,21,18965971,18985265,19012988,62017553,27.723,43051.582,WW
PSPHP1,Adipose,0.942337966741301,1.15046,7,55832490,55840981,55808805,55826775,-23.685,-5.715,AA
GSTT2,Breast,-0.491092064886062,-0.88131,22,24322339,24326106,24258777,24250795,-63.562,-71.544,AA
EFHD1,Breast,0.364623784461366,-0.88131,22,24322339,24326106,24258777,233520254,-63.562,209197.915,AA
RFC4,Breast,-0.493879084914747,-0.88131,22,24322339,24326106,24258777,186072635,-63.562,161750.296,AA
SLC16A3,Adipose,0.759702563292757,0.15423,17,80186273,80219005,80061748,80538946,-124.525,352.673,AA
PGR,Adipose,-1.65837341406098,-0.214692,11,100900355,101001255,100998105,100787096,-3.15,-113.259,AA
PKIB,Adipose,0.38035154317232,-0.399422,6,122793076,123047518,123029885,123029739,236.809,236.663,AA
FOXC2,Adipose,-1.32900760653446,-0.399422,6,122793076,123047518,123029885,86129507,236.809,-36.663569,AA
SLC39A6,Insignificant,0.410181421157182,-0.741785,18,33688495,33709348,34148583,33805295,439.235,0.1168,AA
MMP11,Insignificant,-0.655220496389658,0.715275,22,24110830,24126503,23505801,24279707,-605.029,0.168877,AA
GRB7,Insignificant,0.360106409728005,0.182683,17,37894180,37903544,37213252,38182844,-680.928,0.288664,AA
